{
  "codes": [
    {
      "name": "The Best beginner training",
      "code": "85554"
    },
    {
      "name": "The Most Profitable tap-to-earn",
      "code": "42622"
    },
    {
      "name": "How to Automate Crypto Profits",
      "code": "14287"
    },
    {
      "name": "How to Start a Business from",
      "code": "41323"
    },
    {
      "name": "The Secret Formula that",
      "code": "42437"
    },
    {
      "name": "Turn news into profits",
      "code": "53320"
    },
    {
      "name": "Turn Your Football Knowledge",
      "code": "72941"
    },
    {
      "name": "TELEGRAM MOBILE PLAY",
      "code": "42666"
    },
    {
      "name": "GO TO SECRET TASK!",
      "code": "airdrop"
    },
    {
      "name": "Arbitrage and DCA: The safest",
      "code": "99944"
    },
    {
      "name": "How to start your small",
      "code": "42111"
    },
    {
      "name": "Invest in real estate without",
      "code": "56912"
    },
    {
      "name": "How to Build a business",
      "code": "42491"
    },
    {
      "name": "Can you profit from a falling",
      "code": "83859"
    },
    {
      "name": "How to Earn $5,000 per month with Telegram",
      "code": "42681"
    },
    {
      "name": "Own Property Digitally: The",
      "code": "75612"
    },
    {
      "name": "How Tokenization Makes Real",
      "code": "86553"
    },
    {
      "name": "Best Telegram Free CRYPTO",
      "code": "97693"
    },
    {
      "name": "Top 10 Crypto Strategies",
      "code": "77508"
    },
    {
      "name": "If You Want to Start a Business in 2025",
      "code": "42527"
    },
    {
      "name": "How to Succeed in Business",
      "code": "12501"
    },
    {
      "name": "Set and forget",
      "code": "17905"
    },
    {
      "name": "28.7% of People Who Try This",
      "code": "42331"
    },
    {
      "name": "Fake Wallet Scam",
      "code": "23790"
    },
    {
      "name": "How to start a business from nothing",
      "code": "41323"
    },
    {
      "name": "The secret formula that launches",
      "code": "42437"
    },
    {
      "name": "Telegram mobile play to earn crypto games",
      "code": "42666"
    },
    {
      "name": "Crypto Drama Unfolds",
      "code": "46467"
    },
    {
      "name": "Why You Keep Losing Money in Crypto - Fix It NOW",
      "code": "11529"
    },
    {
      "name": "5 Steps to Start Your First Business",
      "code": "98213"
    },
    {
      "name": "Gaming for Cash: How dApps Turn Your Skills into Crypto",
      "code": "31954"
    },
    {
      "name": "Best Secrets of Successful Entrepreneurs",
      "code": "99335"
    },
    {
      "name": "The Best Beginner Trading Strategies Explained",
      "code": "85554"
    },
    {
      "name": "The MOST Profitable Tap-to-Earn Games in Telegram App",
      "code": "42622"
    },
    {
      "name": "How I Made The Most Expensive Online",
      "code": "11586"
    },
    {
      "name": "Don't Lose Your Crypto: 9 Simple Steps to",
      "code": "32397"
    },
    {
      "name": "How To Start Your Own Business From Zero",
      "code": "41211"
    },
    {
      "name": "How to Make $10,000",
      "code": "45688"
    },
    {
      "name": "Passive income in Crypto",
      "code": "95146"
    },
    {
      "name": "Make the Most of a Bull Market",
      "code": "35688"
    },
    {
      "name": "Earn with dApps: How to Get Started",
      "code": "65673"
    },
    {
      "name": "How To Stay HYPER Focused in a Distracted World | MemeGirls",
      "code": "29317"
    },
    {
      "name": "Is It Time to Buy or Sell? Interpreting the Index | Part 4 of 5 | MeemFi",
      "code": "58475"
    },
    {
      "name": "Adidas, Google & More: POAPs in the Real World | Part 3 of 5 | MeemFi",
      "code": "57492"
    },
    {
      "name": "Top 3 Crypto Strategies to Make Money Fast",
      "code": "55219"
    },
    {
      "name": "The Secret Way To Make Money From Your Hobby | MemeGirls",
      "code": "29122"
    },
    {
      "name": "The Numbers You Need to Know: Inside the Index | Part 3 of 5 | MeemFi",
      "code": "57395"
    },
    {
      "name": "How I Developed A Photographic Memory | MemeGirls",
      "code": "89155"
    },
    {
      "name": "Digital Tickets with Real Value: Exploring POAPs | Part 2 of 5 | MeemFi",
      "code": "04469"
    },
    {
      "name": "The Truth Behind Market Cycles: How the Index Works | Part 2 of 5 | MeemFi",
      "code": "04936"
    },
    {
      "name": "How to Get Paid in Crypto for Just Browsing the Web",
      "code": "35368"
    },
    {
      "name": "How To Make a $5,000 Profit From Your Hobby? | MemeGirls",
      "code": "83223"
    },
    {
      "name": "The Ultimate Seed Phrase Protection Guide | Part 5 of 5 | MeemFi",
      "code": "72096"
    },
    {
      "name": "Get Out of Your Comfort Zone (You Need THIS!)  | MemeGirls",
      "code": "52115"
    },
    {
      "name": "Arrest of Crime Syndicate Leader! $6.4M Crypto Seized! | MemeFi News",
      "code": "55567"
    },
    {
      "name": "Earn Money with POAPs: The Future of Digital Souvenirs | Part 1 of 5 | MeemFi",
      "code": "58393"
    },
    {
      "name": "Ultimate Beginner's Guide to Investing (Updated 2024) | MemeGirls",
      "code": "68192"
    },
    {
      "name": "Fear & Greed: The Secret Crypto Trading Tool Explained! | Part 1 of 5 | MeemFi",
      "code": "57382"
    },
    {
      "name": "How To Improve Your Focus and Not Get Atomized",
      "code": "37171"
    },
    {
      "name": "How to Turn Market Lows into Big Wins | Part 5 of 5 | MeemFi",
      "code": "59204"
    },
    {
      "name": "You're Not Forgetful: My System for Memorising Everything | MemeGirls",
      "code": "71847"
    },
    {
      "name": "How to Survive the Inevitable Market Decline | Part 4 of 5 | MeemFi",
      "code": "81534"
    },
    {
      "name": "How to REALLY Achieve Your Goals in 2025| MemeGirls",
      "code": "80921"
    },
    {
      "name": "Protecting Your Crypto Like a Billionaire | Part 4 of 5 | MeemFi",
      "code": "17451"
    },
    {
      "name": "How To Max Out Before Airdrop In MemeFi? Earn Millions Before It's Too Late!",
      "code": "59063"
    },
    {
      "name": "The FOMO Trap: What to Do When the Market Soars | Part 3 of 5 | MeemFi",
      "code": "81906"
    },
    {
      "name": "If I Started Investing in 2025, This is What I'd Do | MemeGirls",
      "code": "51137"
    },
    {
      "name": "Crypto Losses You Won’t Believe: Top Seed Phrase Mistakes | Part 3 of 5 | MeemFi",
      "code": "50166"
    },
    {
      "name": "You Know It’s Bad. FIX your ATTENTION SPAN before it’s TOO LATE | MemeGirls",
      "code": "80129"
    },
    {
      "name": "How to Profit from Early Market Moves | Part 2 of 5 | MeemFi",
      "code": "09175"
    },
    {
      "name": "What Am I Doing To Make Money From My Hobby? | MemeGirls",
      "code": "21225"
    },
    {
      "name": "Think Your Seed Phrase Is Safe? Think Again! | Part 2 of 5 | MeemFi",
      "code": "09533"
    },
    {
      "name": "I Learned a System For Remembering Everything | MemeGirls",
      "code": "28192"
    },
    {
      "name": "Why Market Cycles Make You Rich or Broke | Part 1 of 5 | MeemFi",
      "code": "92741"
    },
    {
      "name": "How to ACTUALLY Stick to Your Goals (FULL GUIDE) | MemeGirls",
      "code": "66179"
    },
    {
      "name": "The $200 Million Mistake: Could You Lose It All Too? | Part 1 of 5 | MeemFi",
      "code": "58029"
    },
    {
      "name": "How the Comfort Zone is Ruining Your Life | MemeGirls",
      "code": "49191"
    },
    {
      "name": "Thousands $ Won by Real People on MemeFi! Lambo Is Next! | MemeFi",
      "code": "34510"
    },
    {
      "name": "Become a Crypto Banker: How to Create Your Own Liquidity Pool | Part 5 of 5 | MemeFi",
      "code": "24007"
    },
    {
      "name": "Let Me Teach You How To Invest in 2024| MemeGirls",
      "code": "88555"
    },
    {
      "name": "Cash In on the Craze: How to Make Bank During Crypto Fluctuations | Part 5 of 5 | MemeFi",
      "code": "55671"
    },
    {
      "name": "Secret Steps To Real Self-Care | Step by Step Guide | MemeGirls",
      "code": "98137"
    },
    {
      "name": "Where to Dive In: Top Platforms for Liquidity Pools Revealed | Part 4 of 5 | MemeFi",
      "code": "66702"
    },
    {
      "name": "How To Make $4,163 with Your Hobby? | Step by Step Guide",
      "code": "98917"
    },
    {
      "name": "Regulators vs. Bitcoin: How New Laws Spark Price Frenzies | Part 3 of 5 | MemeFi",
      "code": "67401"
    },
    {
      "name": "Hedge Funds’ Dirty Tricks: How They Flip Crypto Markets | Part 4 of 5 | MemeFi",
      "code": "42109"
    },
    {
      "name": "How To Invest in 2024 (Step by Step Guide) | MemeGirls",
      "code": "98137"
    },
    {
      "name": "Think Liquidity Pools Are Risk-Free? Think Again! | Part 3 of 5 | MemeFi",
      "code": "29101"
    },
    {
      "name": "How I Fixed My Attention Span | MemeGirls",
      "code": "27472"
    },
    {
      "name": "How to Turn Your Hobby into a Profitable Business? (FULL GUIDE) | MemeGirls",
      "code": "22441"
    },
    {
      "name": "Supercharge Your Crypto: The 3 Types of Liquidity Pools | Part 2 of 5 | MemeFi",
      "code": "69422"
    },
    {
      "name": "Exclusive Airdrop And Freebies in MemeFi: Get While They Last!!",
      "code": "89812"
    },
    {
      "name": "The Best Purchases I've EVER Made As A Minimalist | MemeGirls",
      "code": "82115"
    },
    {
      "name": "How Whales & Bulls Control the Market: Crypto’s Power Players | Part 2 of 5 | MemeFi",
      "code": "76849"
    },
    {
      "name": "How to Retire In 7 Years with $0 Capital (Step by Step Guide) | MemeGirls",
      "code": "11055"
    },
    {
      "name": "Unlock Passive Income: The Magic of Liquidity Pools | Part 1 of 5 | MemeFi",
      "code": "40014"
    },
    {
      "name": "How I Automate My Finances | MemeGirls",
      "code": "44022"
    },
    {
      "name": "Crypto's Wild Ride: What Really Makes Prices Skyrocket or Crash? | Part 1 of 5 | MemeFi",
      "code": "89400"
    },
    {
      "name": "How to Start Earning with Your Own Crypto Wallet Address??? | MemeFi",
      "code": "19773"
    },
    {
      "name": "How I Earned $1,000,000 at 18 Online | MemeGirls",
      "code": "91055"
    },
    {
      "name": "Never Buy THIS, If You Are 25 years old | MemeGirls",
      "code": "99129"
    },
    {
      "name": "Keeping Your Crypto Safe: Best Security Practices | Part 5 of 5 | MemeFi",
      "code": "82571"
    },
    {
      "name": "If I Was Broke, Here’s How I’d Start A Business | MemeGirls",
      "code": "10182"
    },
    {
      "name": "From Zero to Crypto: How to Generate Your Wallet Address | Part 4 of 5 | MemeFi",
      "code": "32030"
    },
    {
      "name": "How To Manage Your Money Like The 1% | MemeGirls",
      "code": "43133"
    },
    {
      "name": "Microtransactions Could Transform Digital Payments | Part 5 of 5 | MemeFi",
      "code": "78943"
    },
    {
      "name": "Will Cryptos Survive the Rise of CBDCs? | Part 5 of 5 | MemeFi",
      "code": "90926"
    },
    {
      "name": "Zero Investment Business Ideas in 2025 | MemeGirls",
      "code": "11211"
    },
    {
      "name": "If I Was a Student Again, I'd Do This | MemeGirls",
      "code": "42886"
    },
    {
      "name": "Can CBDCs Protect Your Money or Make It Vulnerable? | Part 4 of 5 | MemeFi",
      "code": "49776"
    },
    {
      "name": "How to Design Your Life (My Process For Achieving Goals)  | MemeGirls",
      "code": "42844"
    },
    {
      "name": "Public vs. Private Keys: How Wallet Addresses Protect Your Crypto | Part 3 of 5 | MemeFi",
      "code": "59002"
    },
    {
      "name": "You SHOULD To Buy This, If You Want Be RICH! | MemeGirls",
      "code": "29115"
    },
    {
      "name": "The Hidden Tech Behind CBDCs: Tokens vs. Accounts | Part 3 of 5 | MemeFi",
      "code": "12980"
    },
    {
      "name": "How I Retired Early On $300,000 (FULL GUIDE) | MemeGirls",
      "code": "90012"
    },
    {
      "name": "Different Crypto Wallets for Different Coins: Which Is Yours? | Part 2 of 5 | MemeFi",
      "code": "65947"
    },
    {
      "name": "Do This EVERY Time You Get Paid (Paycheck Routine) | MemeGirls",
      "code": "14931"
    },
    {
      "name": "Why Your Government Wants You to Use CBDCs | Part 2 of 5 | MemeFi",
      "code": "79166"
    },
    {
      "name": "I'm Broke, What Business Do I Start? | MemeGirls",
      "code": "43067"
    },
    {
      "name": "Send and Receive Crypto with Wallet Addresses | Part 1 of 5 | MemeFi",
      "code": "32030"
    },
    {
      "name": "Set Yourself Up For Success With These DAILY ROUTINES! | MemeGirls",
      "code": "42820"
    },
    {
      "name": "Digital Money Revolution: Are CBDCs the Future of Finance? | Part 1 of 5 | MemeFi",
      "code": "02002"
    },
    {
      "name": "BEST Purchases To Be RICH in Your 20s | MemeGirls",
      "code": "19015"
    },
    {
      "name": "Crypto Fees Got You Down? The Scalability Problem Explained | Part 4 of 5 | MemeFi",
      "code": "84712"
    },
    {
      "name": "How to Manage Your Money So You Never Go Broke| MemeGirls",
      "code": "43102"
    },
    {
      "name": "Greed in Trading: The Trap That Kills Profits-Avoid It Now! | Part 5 of 5 | MemeFi",
      "code": "98354"
    },
    {
      "name": "How to Retire As Early As Possible (Starting from $0)| MemeGirls",
      "code": "94112"
    },
    {
      "name": "Accessing Content for Cents? How Crypto Makes It Happen | Part 3 of 5 | MemeFi",
      "code": "65318"
    },
    {
      "name": "Business Ideas You Can Start With $0| MemeGirls",
      "code": "43002"
    },
    {
      "name": "How to Avoid Repeating Trading Mistakes-Pro Tips Inside | Part 4 of 5 | MemeFi",
      "code": "47890"
    },
    {
      "name": "Secret Celebreties Psychological Tricks and Techniques| MemeGirls",
      "code": "99799"
    },
    {
      "name": "Cutting Out Banks: Microtransactions Save You Time and Money | Part 2 of 5 | MemeFi",
      "code": "65318"
    },
    {
      "name": "How to Stop Losing Money: Mastering Strategy & Financial Management | Part 3 of 5 | MemeFi",
      "code": "88565"
    },
    {
      "name": "First Bitcoin Ordinal Hits Auction at Christie’s| MemeFi News",
      "code": "12389"
    },
    {
      "name": "Principles For Teenagers To Become Millionaires | MemeGirls",
      "code": "24123"
    },
    {
      "name": "Create Your Own POAP: Step-by-Step Guide | Part 4 of 5 | MeemFi",
      "code": "59381"
    },
    {
      "name": "The AI-Powered Side Hustles You Can Start Today",
      "code": "21372"
    },
    {
      "name": "ONE Habit That Will Help You Get What You Want  | MemeGirls",
      "code": "67190"
    },
    {
      "name": "Earning with POAPs: Strategies & New Developments | Part 5 of 5 | MeemFi",
      "code": "05828"
    },
    {
      "name": "I Left My Comfort Zone, you can too | MemeGirls",
      "code": "95135"
    },
    {
      "name": "Top 4 Trading Strategies Using the Fear and Greed Index | Part 5 of 5 | MeemFi",
      "code": "79507"
    },
    {
      "name": "Get Out of Your Comfort Zone (You Need THIS!) | MemeGirls",
      "code": "52115"
    },
    {
      "name": "How to Design Your Life (My Process For Achieving Goals) | MemeGirls",
      "code": "42844"
    },
    {
      "name": "How I Retired Early On $300,000 (FULL GUIDE) | MemeGirls",
      "code": "90012"
    },
    {
      "name": "Why Your Government Wants You to Use CBDCs | Part 2 of 5 | MemeFi",
      "code": "79166"
    },
    {
      "name": "I'm Broke, What Business Do I Start? | MemeGirls",
      "code": "43067"
    },
    {
      "name": "Send and Receive Crypto with Wallet Addresses | Part 1 of 5 | MemeFi",
      "code": "32030"
    },
    {
      "name": "Set Yourself Up For Success With These DAILY ROUTINES! | MemeGirls",
      "code": "42820"
    },
    {
      "name": "Digital Money Revolution: Are CBDCs the Future of Finance? | Part 1 of 5 | MemeFi",
      "code": "02002"
    },
    {
      "name": "Crypto Fees Got You Down? The Scalability Problem Explained | Part 4 of 5 | MemeFi",
      "code": "84712"
    },
    {
      "name": "How to Manage Your Money So You Never Go Broke| MemeGirls",
      "code": "43102"
    },
    {
      "name": "Greed in Trading: The Trap That Kills Profits—Avoid It Now! | Part 5 of 5 | MemeFi",
      "code": "98354"
    },
    {
      "name": "How to Retire As Early As Possible (Starting from $0)| MemeGirls",
      "code": "94112"
    },
    {
      "name": "Accessing Content for Cents? How Crypto Makes It Happen | Part 3 of 5 | MemeFi",
      "code": "65318"
    },
    {
      "name": "Business Ideas You Can Start With $0| MemeGirls",
      "code": "43002"
    },
    {
      "name": "How to Avoid Repeating Trading Mistakes—Pro Tips Inside | Part 4 of 5 | MemeFi",
      "code": "47890"
    },
    {
      "name": "Secret Celebreties Psychological Tricks and Techniques| MemeGirls",
      "code": "99799"
    },
    {
      "name": "Cutting Out Banks: Microtransactions Save You Time and Money | Part 2 of 5 | MemeFi",
      "code": "65318"
    },
    {
      "name": "Best Purchases To Make in Your 20s | MemeGirls",
      "code": "19015"
    },
    {
      "name": "How to Stop Losing Money: Mastering Strategy & Financial Management | Part 3 of 5 | MemeFi",
      "code": "88565"
    },
    {
      "name": "How To Retire in 7 Years | Starting With $0 | MemeGirls",
      "code": "24112"
    },
    {
      "name": "The Secret to Cutting Crypto Fees: Microtransactions Explained | Part 1 of 5 | MemeFi",
      "code": "96314"
    },
    {
      "name": "How to Manage Your Money Effectively | MemeGirls",
      "code": "43088"
    },
    {
      "name": "Trading Blindfolded? The Dangers of Letting Emotions Take Over | Part 2 of 5 | MemeFi",
      "code": "47685"
    },
    {
      "name": "How to Start Your Own Business without Any Investments | MemeGirls",
      "code": "10892"
    },
    {
      "name": "The Future of Property Investment: Real Estate Tokenization | Part 5 of 5 | MemeFi",
      "code": "48734"
    },
    {
      "name": "How to Set Yourself Up for Success: Psychological Tricks and Techniques | MemeGirls",
      "code": "42758"
    },
    {
      "name": "Lost Money Trading? Here’s What You’re Missing! | Part 1 of 5 | MemeFi",
      "code": "57855"
    },
    {
      "name": "How To Make $500 per Week in Telegram Games | MemeGirls",
      "code": "42704"
    },
    {
      "name": "Million-Dollar Deals Made Easy: Real Estate Tokenization in Action | Part 4 of 5 | MemeFi",
      "code": "15928"
    },
    {
      "name": "If You Want to Start a Business in 2025, Watch This Video | MemeGirls",
      "code": "42527"
    },
    {
      "name": "Top 10 Crypto Strategies - Which One Should You Try? | Part 7 of 7 | MemeFi",
      "code": "77508"
    },
    {
      "name": "How Comfort Will Kill Your Soul | MemeGirls",
      "code": "83112"
    },
    {
      "name": "The Ultimate Guide to Memorization (Student Edition) | MemeGirls",
      "code": "41802"
    },
    {
      "name": "SECRET WAYS TO INCREASE YOUR PRODUCTIVITY RIGHT NOW | MEMEGIRLS",
      "code": "21319"
    },
    {
      "name": "The Ultimate Guide to Building an Online Business with $0 Upfront",
      "code": "88014"
    },
    {
      "name": "BECOME A PRO TRADER WITH THESE TWO BOOKS! | PART 2 OF 5 | MEMEFI",
      "code": "81805"
    },
    {
      "name": "I Achieved My Goal in 4 Months and You CAN! | MemeGirls",
      "code": "48188"
    },
    {
      "name": "I Built A System To Remember Everything I Read | MemeGirls",
      "code": "92559"
    },
    {
      "name": "Snoop Dogg and Elon’s Crypto Playbook | Part 2 of 5 | MemeFi",
      "code": "52252"
    },
    {
      "name": "Mike Tyson's Crypto Knockout: From the Ring to the Blockchain! | Part 1 of 5 | MemeFi",
      "code": "11378"
    },
    {
      "name": "How to Hit Millionaire Status Before 30 with Crypto! | MemeFi",
      "code": "43276"
    },
    {
      "name": "How to Accept Yourself (Secret Method) | MemeGirls",
      "code": "69172"
    },
    {
      "name": "The Key Trading Secrets You Need to Build Real Skills | Part 3 of 5 | MemeFi",
      "code": "52909"
    },
    {
      "name": "How To Get Crypto Just For Scanning Your Eye | PART 3",
      "code": "38590"
    }
  ]
}
